metric,estimate,ci_lo,ci_hi,denominator,unit,scope,model,domain,stratum,budget,fold_direction,status,feature_block,source,source_sha16
coverage_mesa,0.44565697774711055,,,5,configuration,5 configurations; predeclared budget; carries inference,gemma4:e4b,customer_service,,0.1,,canonical,structural_dynamic,tables/canonical_ranking_curve.json,cae15ed2f718f1b5
coverage_random,0.155,,,5,configuration,5 configurations; predeclared budget; carries inference,gemma4:e4b,customer_service,,0.1,,canonical,structural_dynamic,tables/canonical_ranking_curve.json,cae15ed2f718f1b5
coverage_oracle,0.4579909435915129,,,5,configuration,5 configurations; predeclared budget; carries inference,gemma4:e4b,customer_service,,0.1,,canonical,structural_dynamic,tables/canonical_ranking_curve.json,cae15ed2f718f1b5
mesa_minus_random,0.2906569777471105,0.19019998849979874,0.38843434343434347,5,configuration,"paired, configuration-level; sign-flip p=0.06250 (min attainable 0.06250)",gemma4:e4b,customer_service,,0.1,,canonical,structural_dynamic,tables/canonical_ranking_curve.json,cae15ed2f718f1b5
coverage_mesa,0.5566529718436739,,,5,configuration,5 configurations; predeclared budget; carries inference,gemma4:e4b,customer_service,,0.2,,canonical,structural_dynamic,tables/canonical_ranking_curve.json,cae15ed2f718f1b5
coverage_random,0.22000000000000003,,,5,configuration,5 configurations; predeclared budget; carries inference,gemma4:e4b,customer_service,,0.2,,canonical,structural_dynamic,tables/canonical_ranking_curve.json,cae15ed2f718f1b5
coverage_oracle,0.5983196385103405,,,5,configuration,5 configurations; predeclared budget; carries inference,gemma4:e4b,customer_service,,0.2,,canonical,structural_dynamic,tables/canonical_ranking_curve.json,cae15ed2f718f1b5
mesa_minus_random,0.33665297184367393,0.29870820156019395,0.37459774212715385,5,configuration,"paired, configuration-level; sign-flip p=0.06250 (min attainable 0.06250)",gemma4:e4b,customer_service,,0.2,,canonical,structural_dynamic,tables/canonical_ranking_curve.json,cae15ed2f718f1b5
coverage_mesa,0.6786940083951469,,,5,configuration,"5 configurations; descriptive trajectory point; no interval, no p-value",gemma4:e4b,customer_service,,0.3,,canonical,structural_dynamic,tables/canonical_ranking_curve.json,cae15ed2f718f1b5
coverage_random,0.375,,,5,configuration,"5 configurations; descriptive trajectory point; no interval, no p-value",gemma4:e4b,customer_service,,0.3,,canonical,structural_dynamic,tables/canonical_ranking_curve.json,cae15ed2f718f1b5
coverage_oracle,0.7748547907921723,,,5,configuration,"5 configurations; descriptive trajectory point; no interval, no p-value",gemma4:e4b,customer_service,,0.3,,canonical,structural_dynamic,tables/canonical_ranking_curve.json,cae15ed2f718f1b5
coverage_mesa,0.7005835297951047,,,5,configuration,"5 configurations; descriptive trajectory point; no interval, no p-value",gemma4:e4b,customer_service,,0.4,,canonical,structural_dynamic,tables/canonical_ranking_curve.json,cae15ed2f718f1b5
coverage_random,0.44000000000000006,,,5,configuration,"5 configurations; descriptive trajectory point; no interval, no p-value",gemma4:e4b,customer_service,,0.4,,canonical,structural_dynamic,tables/canonical_ranking_curve.json,cae15ed2f718f1b5
coverage_oracle,0.8335815460103886,,,5,configuration,"5 configurations; descriptive trajectory point; no interval, no p-value",gemma4:e4b,customer_service,,0.4,,canonical,structural_dynamic,tables/canonical_ranking_curve.json,cae15ed2f718f1b5
coverage_mesa,0.7204279320721446,,,5,configuration,"5 configurations; descriptive trajectory point; no interval, no p-value",gemma4:e4b,customer_service,,0.5,,canonical,structural_dynamic,tables/canonical_ranking_curve.json,cae15ed2f718f1b5
coverage_random,0.52,,,5,configuration,"5 configurations; descriptive trajectory point; no interval, no p-value",gemma4:e4b,customer_service,,0.5,,canonical,structural_dynamic,tables/canonical_ranking_curve.json,cae15ed2f718f1b5
coverage_oracle,0.8866932896325684,,,5,configuration,"5 configurations; descriptive trajectory point; no interval, no p-value",gemma4:e4b,customer_service,,0.5,,canonical,structural_dynamic,tables/canonical_ranking_curve.json,cae15ed2f718f1b5
coverage_mesa,0.7938060706687368,,,5,configuration,"5 configurations; descriptive trajectory point; no interval, no p-value",gemma4:e4b,customer_service,,0.6,,canonical,structural_dynamic,tables/canonical_ranking_curve.json,cae15ed2f718f1b5
coverage_random,0.635,,,5,configuration,"5 configurations; descriptive trajectory point; no interval, no p-value",gemma4:e4b,customer_service,,0.6,,canonical,structural_dynamic,tables/canonical_ranking_curve.json,cae15ed2f718f1b5
coverage_oracle,0.9441888716385872,,,5,configuration,"5 configurations; descriptive trajectory point; no interval, no p-value",gemma4:e4b,customer_service,,0.6,,canonical,structural_dynamic,tables/canonical_ranking_curve.json,cae15ed2f718f1b5
coverage_mesa,0.9055855207674469,,,5,configuration,"5 configurations; descriptive trajectory point; no interval, no p-value",gemma4:e4b,customer_service,,0.8,,canonical,structural_dynamic,tables/canonical_ranking_curve.json,cae15ed2f718f1b5
coverage_random,0.8550000000000001,,,5,configuration,"5 configurations; descriptive trajectory point; no interval, no p-value",gemma4:e4b,customer_service,,0.8,,canonical,structural_dynamic,tables/canonical_ranking_curve.json,cae15ed2f718f1b5
coverage_oracle,0.9876660341555977,,,5,configuration,"5 configurations; descriptive trajectory point; no interval, no p-value",gemma4:e4b,customer_service,,0.8,,canonical,structural_dynamic,tables/canonical_ranking_curve.json,cae15ed2f718f1b5
coverage_mesa,1.0,,,5,configuration,"5 configurations; descriptive trajectory point; no interval, no p-value",gemma4:e4b,customer_service,,1.0,,canonical,structural_dynamic,tables/canonical_ranking_curve.json,cae15ed2f718f1b5
coverage_random,1.0,,,5,configuration,"5 configurations; descriptive trajectory point; no interval, no p-value",gemma4:e4b,customer_service,,1.0,,canonical,structural_dynamic,tables/canonical_ranking_curve.json,cae15ed2f718f1b5
coverage_oracle,1.0,,,5,configuration,"5 configurations; descriptive trajectory point; no interval, no p-value",gemma4:e4b,customer_service,,1.0,,canonical,structural_dynamic,tables/canonical_ranking_curve.json,cae15ed2f718f1b5
coverage_mesa,0.3190418403045737,,,5,configuration,5 configurations; predeclared budget; carries inference,qwen3.5:9b,customer_service,,0.1,,canonical,structural_dynamic,tables/canonical_ranking_curve.json,cae15ed2f718f1b5
coverage_random,0.155,,,5,configuration,5 configurations; predeclared budget; carries inference,qwen3.5:9b,customer_service,,0.1,,canonical,structural_dynamic,tables/canonical_ranking_curve.json,cae15ed2f718f1b5
coverage_oracle,0.3931598056725391,,,5,configuration,5 configurations; predeclared budget; carries inference,qwen3.5:9b,customer_service,,0.1,,canonical,structural_dynamic,tables/canonical_ranking_curve.json,cae15ed2f718f1b5
mesa_minus_random,0.16404184030457375,0.05901356213113427,0.30385700321184195,5,configuration,"paired, configuration-level; sign-flip p=0.06250 (min attainable 0.06250)",qwen3.5:9b,customer_service,,0.1,,canonical,structural_dynamic,tables/canonical_ranking_curve.json,cae15ed2f718f1b5
coverage_mesa,0.38679625658721584,,,5,configuration,5 configurations; predeclared budget; carries inference,qwen3.5:9b,customer_service,,0.2,,canonical,structural_dynamic,tables/canonical_ranking_curve.json,cae15ed2f718f1b5
coverage_random,0.22000000000000003,,,5,configuration,5 configurations; predeclared budget; carries inference,qwen3.5:9b,customer_service,,0.2,,canonical,structural_dynamic,tables/canonical_ranking_curve.json,cae15ed2f718f1b5
coverage_oracle,0.5055451035947641,,,5,configuration,5 configurations; predeclared budget; carries inference,qwen3.5:9b,customer_service,,0.2,,canonical,structural_dynamic,tables/canonical_ranking_curve.json,cae15ed2f718f1b5
mesa_minus_random,0.1667962565872158,0.05899294607486456,0.308188800446865,5,configuration,"paired, configuration-level; sign-flip p=0.06250 (min attainable 0.06250)",qwen3.5:9b,customer_service,,0.2,,canonical,structural_dynamic,tables/canonical_ranking_curve.json,cae15ed2f718f1b5
coverage_mesa,0.5933541147590383,,,5,configuration,"5 configurations; descriptive trajectory point; no interval, no p-value",qwen3.5:9b,customer_service,,0.3,,canonical,structural_dynamic,tables/canonical_ranking_curve.json,cae15ed2f718f1b5
coverage_random,0.375,,,5,configuration,"5 configurations; descriptive trajectory point; no interval, no p-value",qwen3.5:9b,customer_service,,0.3,,canonical,structural_dynamic,tables/canonical_ranking_curve.json,cae15ed2f718f1b5
coverage_oracle,0.6928478086712382,,,5,configuration,"5 configurations; descriptive trajectory point; no interval, no p-value",qwen3.5:9b,customer_service,,0.3,,canonical,structural_dynamic,tables/canonical_ranking_curve.json,cae15ed2f718f1b5
coverage_mesa,0.6515398007482048,,,5,configuration,"5 configurations; descriptive trajectory point; no interval, no p-value",qwen3.5:9b,customer_service,,0.4,,canonical,structural_dynamic,tables/canonical_ranking_curve.json,cae15ed2f718f1b5
coverage_random,0.44000000000000006,,,5,configuration,"5 configurations; descriptive trajectory point; no interval, no p-value",qwen3.5:9b,customer_service,,0.4,,canonical,structural_dynamic,tables/canonical_ranking_curve.json,cae15ed2f718f1b5
coverage_oracle,0.7644916359814492,,,5,configuration,"5 configurations; descriptive trajectory point; no interval, no p-value",qwen3.5:9b,customer_service,,0.4,,canonical,structural_dynamic,tables/canonical_ranking_curve.json,cae15ed2f718f1b5
coverage_mesa,0.6812825042812308,,,5,configuration,"5 configurations; descriptive trajectory point; no interval, no p-value",qwen3.5:9b,customer_service,,0.5,,canonical,structural_dynamic,tables/canonical_ranking_curve.json,cae15ed2f718f1b5
coverage_random,0.52,,,5,configuration,"5 configurations; descriptive trajectory point; no interval, no p-value",qwen3.5:9b,customer_service,,0.5,,canonical,structural_dynamic,tables/canonical_ranking_curve.json,cae15ed2f718f1b5
coverage_oracle,0.8241048184978575,,,5,configuration,"5 configurations; descriptive trajectory point; no interval, no p-value",qwen3.5:9b,customer_service,,0.5,,canonical,structural_dynamic,tables/canonical_ranking_curve.json,cae15ed2f718f1b5
coverage_mesa,0.7466613495799617,,,5,configuration,"5 configurations; descriptive trajectory point; no interval, no p-value",qwen3.5:9b,customer_service,,0.6,,canonical,structural_dynamic,tables/canonical_ranking_curve.json,cae15ed2f718f1b5
coverage_random,0.635,,,5,configuration,"5 configurations; descriptive trajectory point; no interval, no p-value",qwen3.5:9b,customer_service,,0.6,,canonical,structural_dynamic,tables/canonical_ranking_curve.json,cae15ed2f718f1b5
coverage_oracle,0.8956660805238904,,,5,configuration,"5 configurations; descriptive trajectory point; no interval, no p-value",qwen3.5:9b,customer_service,,0.6,,canonical,structural_dynamic,tables/canonical_ranking_curve.json,cae15ed2f718f1b5
coverage_mesa,0.9010428173623207,,,5,configuration,"5 configurations; descriptive trajectory point; no interval, no p-value",qwen3.5:9b,customer_service,,0.8,,canonical,structural_dynamic,tables/canonical_ranking_curve.json,cae15ed2f718f1b5
coverage_random,0.8550000000000001,,,5,configuration,"5 configurations; descriptive trajectory point; no interval, no p-value",qwen3.5:9b,customer_service,,0.8,,canonical,structural_dynamic,tables/canonical_ranking_curve.json,cae15ed2f718f1b5
coverage_oracle,0.9668221966205838,,,5,configuration,"5 configurations; descriptive trajectory point; no interval, no p-value",qwen3.5:9b,customer_service,,0.8,,canonical,structural_dynamic,tables/canonical_ranking_curve.json,cae15ed2f718f1b5
coverage_mesa,1.0,,,5,configuration,"5 configurations; descriptive trajectory point; no interval, no p-value",qwen3.5:9b,customer_service,,1.0,,canonical,structural_dynamic,tables/canonical_ranking_curve.json,cae15ed2f718f1b5
coverage_random,1.0,,,5,configuration,"5 configurations; descriptive trajectory point; no interval, no p-value",qwen3.5:9b,customer_service,,1.0,,canonical,structural_dynamic,tables/canonical_ranking_curve.json,cae15ed2f718f1b5
coverage_oracle,1.0,,,5,configuration,"5 configurations; descriptive trajectory point; no interval, no p-value",qwen3.5:9b,customer_service,,1.0,,canonical,structural_dynamic,tables/canonical_ranking_curve.json,cae15ed2f718f1b5
coverage_mesa,0.2508812174524249,,,5,configuration,5 configurations; predeclared budget; carries inference,llama3.1:8b,customer_service,,0.1,,canonical,structural_dynamic,tables/canonical_ranking_curve.json,cae15ed2f718f1b5
coverage_random,0.155,,,5,configuration,5 configurations; predeclared budget; carries inference,llama3.1:8b,customer_service,,0.1,,canonical,structural_dynamic,tables/canonical_ranking_curve.json,cae15ed2f718f1b5
coverage_oracle,0.3369824256124566,,,5,configuration,5 configurations; predeclared budget; carries inference,llama3.1:8b,customer_service,,0.1,,canonical,structural_dynamic,tables/canonical_ranking_curve.json,cae15ed2f718f1b5
mesa_minus_random,0.09588121745242488,0.06809417334185137,0.1236682615629984,5,configuration,"paired, configuration-level; sign-flip p=0.06250 (min attainable 0.06250)",llama3.1:8b,customer_service,,0.1,,canonical,structural_dynamic,tables/canonical_ranking_curve.json,cae15ed2f718f1b5
coverage_mesa,0.3436788569760706,,,5,configuration,5 configurations; predeclared budget; carries inference,llama3.1:8b,customer_service,,0.2,,canonical,structural_dynamic,tables/canonical_ranking_curve.json,cae15ed2f718f1b5
coverage_random,0.22000000000000003,,,5,configuration,5 configurations; predeclared budget; carries inference,llama3.1:8b,customer_service,,0.2,,canonical,structural_dynamic,tables/canonical_ranking_curve.json,cae15ed2f718f1b5
coverage_oracle,0.4469494592095211,,,5,configuration,5 configurations; predeclared budget; carries inference,llama3.1:8b,customer_service,,0.2,,canonical,structural_dynamic,tables/canonical_ranking_curve.json,cae15ed2f718f1b5
mesa_minus_random,0.12367885697607059,0.11181565023670288,0.13322270322270321,5,configuration,"paired, configuration-level; sign-flip p=0.06250 (min attainable 0.06250)",llama3.1:8b,customer_service,,0.2,,canonical,structural_dynamic,tables/canonical_ranking_curve.json,cae15ed2f718f1b5
coverage_mesa,0.5151137461895976,,,5,configuration,"5 configurations; descriptive trajectory point; no interval, no p-value",llama3.1:8b,customer_service,,0.3,,canonical,structural_dynamic,tables/canonical_ranking_curve.json,cae15ed2f718f1b5
coverage_random,0.375,,,5,configuration,"5 configurations; descriptive trajectory point; no interval, no p-value",llama3.1:8b,customer_service,,0.3,,canonical,structural_dynamic,tables/canonical_ranking_curve.json,cae15ed2f718f1b5
coverage_oracle,0.6234434459589259,,,5,configuration,"5 configurations; descriptive trajectory point; no interval, no p-value",llama3.1:8b,customer_service,,0.3,,canonical,structural_dynamic,tables/canonical_ranking_curve.json,cae15ed2f718f1b5
coverage_mesa,0.5643339576660009,,,5,configuration,"5 configurations; descriptive trajectory point; no interval, no p-value",llama3.1:8b,customer_service,,0.4,,canonical,structural_dynamic,tables/canonical_ranking_curve.json,cae15ed2f718f1b5
coverage_random,0.44000000000000006,,,5,configuration,"5 configurations; descriptive trajectory point; no interval, no p-value",llama3.1:8b,customer_service,,0.4,,canonical,structural_dynamic,tables/canonical_ranking_curve.json,cae15ed2f718f1b5
coverage_oracle,0.7000023677732656,,,5,configuration,"5 configurations; descriptive trajectory point; no interval, no p-value",llama3.1:8b,customer_service,,0.4,,canonical,structural_dynamic,tables/canonical_ranking_curve.json,cae15ed2f718f1b5
coverage_mesa,0.6264461826729628,,,5,configuration,"5 configurations; descriptive trajectory point; no interval, no p-value",llama3.1:8b,customer_service,,0.5,,canonical,structural_dynamic,tables/canonical_ranking_curve.json,cae15ed2f718f1b5
coverage_random,0.52,,,5,configuration,"5 configurations; descriptive trajectory point; no interval, no p-value",llama3.1:8b,customer_service,,0.5,,canonical,structural_dynamic,tables/canonical_ranking_curve.json,cae15ed2f718f1b5
coverage_oracle,0.765211223245279,,,5,configuration,"5 configurations; descriptive trajectory point; no interval, no p-value",llama3.1:8b,customer_service,,0.5,,canonical,structural_dynamic,tables/canonical_ranking_curve.json,cae15ed2f718f1b5
coverage_mesa,0.7085479891052646,,,5,configuration,"5 configurations; descriptive trajectory point; no interval, no p-value",llama3.1:8b,customer_service,,0.6,,canonical,structural_dynamic,tables/canonical_ranking_curve.json,cae15ed2f718f1b5
coverage_random,0.635,,,5,configuration,"5 configurations; descriptive trajectory point; no interval, no p-value",llama3.1:8b,customer_service,,0.6,,canonical,structural_dynamic,tables/canonical_ranking_curve.json,cae15ed2f718f1b5
coverage_oracle,0.8506182084742455,,,5,configuration,"5 configurations; descriptive trajectory point; no interval, no p-value",llama3.1:8b,customer_service,,0.6,,canonical,structural_dynamic,tables/canonical_ranking_curve.json,cae15ed2f718f1b5
coverage_mesa,0.902662743459957,,,5,configuration,"5 configurations; descriptive trajectory point; no interval, no p-value",llama3.1:8b,customer_service,,0.8,,canonical,structural_dynamic,tables/canonical_ranking_curve.json,cae15ed2f718f1b5
coverage_random,0.8550000000000001,,,5,configuration,"5 configurations; descriptive trajectory point; no interval, no p-value",llama3.1:8b,customer_service,,0.8,,canonical,structural_dynamic,tables/canonical_ranking_curve.json,cae15ed2f718f1b5
coverage_oracle,0.9556370091896408,,,5,configuration,"5 configurations; descriptive trajectory point; no interval, no p-value",llama3.1:8b,customer_service,,0.8,,canonical,structural_dynamic,tables/canonical_ranking_curve.json,cae15ed2f718f1b5
coverage_mesa,1.0,,,5,configuration,"5 configurations; descriptive trajectory point; no interval, no p-value",llama3.1:8b,customer_service,,1.0,,canonical,structural_dynamic,tables/canonical_ranking_curve.json,cae15ed2f718f1b5
coverage_random,1.0,,,5,configuration,"5 configurations; descriptive trajectory point; no interval, no p-value",llama3.1:8b,customer_service,,1.0,,canonical,structural_dynamic,tables/canonical_ranking_curve.json,cae15ed2f718f1b5
coverage_oracle,1.0,,,5,configuration,"5 configurations; descriptive trajectory point; no interval, no p-value",llama3.1:8b,customer_service,,1.0,,canonical,structural_dynamic,tables/canonical_ranking_curve.json,cae15ed2f718f1b5
coverage_mesa,0.3385266785013697,,,15,configuration,15 configurations; predeclared budget; carries inference,MACRO,customer_service,,0.1,,canonical,structural_dynamic,tables/canonical_ranking_curve.json,cae15ed2f718f1b5
coverage_random,0.155,,,15,configuration,15 configurations; predeclared budget; carries inference,MACRO,customer_service,,0.1,,canonical,structural_dynamic,tables/canonical_ranking_curve.json,cae15ed2f718f1b5
coverage_oracle,0.3960443916255028,,,15,configuration,15 configurations; predeclared budget; carries inference,MACRO,customer_service,,0.1,,canonical,structural_dynamic,tables/canonical_ranking_curve.json,cae15ed2f718f1b5
mesa_minus_random,0.18352667850136975,0.12060836869871393,0.25535444785465355,15,configuration,"paired, configuration-level; sign-flip p=0.00006 (min attainable 0.00006)",MACRO,customer_service,,0.1,,canonical,structural_dynamic,tables/canonical_ranking_curve.json,cae15ed2f718f1b5
coverage_mesa,0.4290426951356535,,,15,configuration,15 configurations; predeclared budget; carries inference,MACRO,customer_service,,0.2,,canonical,structural_dynamic,tables/canonical_ranking_curve.json,cae15ed2f718f1b5
coverage_random,0.22000000000000006,,,15,configuration,15 configurations; predeclared budget; carries inference,MACRO,customer_service,,0.2,,canonical,structural_dynamic,tables/canonical_ranking_curve.json,cae15ed2f718f1b5
coverage_oracle,0.5169380671048753,,,15,configuration,15 configurations; predeclared budget; carries inference,MACRO,customer_service,,0.2,,canonical,structural_dynamic,tables/canonical_ranking_curve.json,cae15ed2f718f1b5
mesa_minus_random,0.20904269513565346,0.1469819018800291,0.2744821623899812,15,configuration,"paired, configuration-level; sign-flip p=0.00006 (min attainable 0.00006)",MACRO,customer_service,,0.2,,canonical,structural_dynamic,tables/canonical_ranking_curve.json,cae15ed2f718f1b5
coverage_mesa,0.5957206231145943,,,15,configuration,"15 configurations; descriptive trajectory point; no interval, no p-value",MACRO,customer_service,,0.3,,canonical,structural_dynamic,tables/canonical_ranking_curve.json,cae15ed2f718f1b5
coverage_random,0.375,,,15,configuration,"15 configurations; descriptive trajectory point; no interval, no p-value",MACRO,customer_service,,0.3,,canonical,structural_dynamic,tables/canonical_ranking_curve.json,cae15ed2f718f1b5
coverage_oracle,0.6970486818074454,,,15,configuration,"15 configurations; descriptive trajectory point; no interval, no p-value",MACRO,customer_service,,0.3,,canonical,structural_dynamic,tables/canonical_ranking_curve.json,cae15ed2f718f1b5
coverage_mesa,0.6388190960697702,,,15,configuration,"15 configurations; descriptive trajectory point; no interval, no p-value",MACRO,customer_service,,0.4,,canonical,structural_dynamic,tables/canonical_ranking_curve.json,cae15ed2f718f1b5
coverage_random,0.4400000000000001,,,15,configuration,"15 configurations; descriptive trajectory point; no interval, no p-value",MACRO,customer_service,,0.4,,canonical,structural_dynamic,tables/canonical_ranking_curve.json,cae15ed2f718f1b5
coverage_oracle,0.7660251832550347,,,15,configuration,"15 configurations; descriptive trajectory point; no interval, no p-value",MACRO,customer_service,,0.4,,canonical,structural_dynamic,tables/canonical_ranking_curve.json,cae15ed2f718f1b5
coverage_mesa,0.6760522063421128,,,15,configuration,"15 configurations; descriptive trajectory point; no interval, no p-value",MACRO,customer_service,,0.5,,canonical,structural_dynamic,tables/canonical_ranking_curve.json,cae15ed2f718f1b5
coverage_random,0.52,,,15,configuration,"15 configurations; descriptive trajectory point; no interval, no p-value",MACRO,customer_service,,0.5,,canonical,structural_dynamic,tables/canonical_ranking_curve.json,cae15ed2f718f1b5
coverage_oracle,0.8253364437919017,,,15,configuration,"15 configurations; descriptive trajectory point; no interval, no p-value",MACRO,customer_service,,0.5,,canonical,structural_dynamic,tables/canonical_ranking_curve.json,cae15ed2f718f1b5
coverage_mesa,0.7496718031179876,,,15,configuration,"15 configurations; descriptive trajectory point; no interval, no p-value",MACRO,customer_service,,0.6,,canonical,structural_dynamic,tables/canonical_ranking_curve.json,cae15ed2f718f1b5
coverage_random,0.6349999999999999,,,15,configuration,"15 configurations; descriptive trajectory point; no interval, no p-value",MACRO,customer_service,,0.6,,canonical,structural_dynamic,tables/canonical_ranking_curve.json,cae15ed2f718f1b5
coverage_oracle,0.8968243868789078,,,15,configuration,"15 configurations; descriptive trajectory point; no interval, no p-value",MACRO,customer_service,,0.6,,canonical,structural_dynamic,tables/canonical_ranking_curve.json,cae15ed2f718f1b5
coverage_mesa,0.9030970271965749,,,15,configuration,"15 configurations; descriptive trajectory point; no interval, no p-value",MACRO,customer_service,,0.8,,canonical,structural_dynamic,tables/canonical_ranking_curve.json,cae15ed2f718f1b5
coverage_random,0.8550000000000002,,,15,configuration,"15 configurations; descriptive trajectory point; no interval, no p-value",MACRO,customer_service,,0.8,,canonical,structural_dynamic,tables/canonical_ranking_curve.json,cae15ed2f718f1b5
coverage_oracle,0.9700417466552741,,,15,configuration,"15 configurations; descriptive trajectory point; no interval, no p-value",MACRO,customer_service,,0.8,,canonical,structural_dynamic,tables/canonical_ranking_curve.json,cae15ed2f718f1b5
coverage_mesa,1.0,,,15,configuration,"15 configurations; descriptive trajectory point; no interval, no p-value",MACRO,customer_service,,1.0,,canonical,structural_dynamic,tables/canonical_ranking_curve.json,cae15ed2f718f1b5
coverage_random,1.0,,,15,configuration,"15 configurations; descriptive trajectory point; no interval, no p-value",MACRO,customer_service,,1.0,,canonical,structural_dynamic,tables/canonical_ranking_curve.json,cae15ed2f718f1b5
coverage_oracle,1.0,,,15,configuration,"15 configurations; descriptive trajectory point; no interval, no p-value",MACRO,customer_service,,1.0,,canonical,structural_dynamic,tables/canonical_ranking_curve.json,cae15ed2f718f1b5
coverage_mesa,0.14624434389140273,,,5,configuration,5 configurations; predeclared budget; carries inference,gemma4:e4b,software_engineering,,0.1,,canonical,structural_dynamic,tables/canonical_ranking_curve.json,cae15ed2f718f1b5
coverage_random,0.155,,,5,configuration,5 configurations; predeclared budget; carries inference,gemma4:e4b,software_engineering,,0.1,,canonical,structural_dynamic,tables/canonical_ranking_curve.json,cae15ed2f718f1b5
coverage_oracle,0.534295410471881,,,5,configuration,5 configurations; predeclared budget; carries inference,gemma4:e4b,software_engineering,,0.1,,canonical,structural_dynamic,tables/canonical_ranking_curve.json,cae15ed2f718f1b5
mesa_minus_random,-0.008755656108597298,-0.09346153846153846,0.12470588235294118,5,configuration,"paired, configuration-level; sign-flip p=0.93750 (min attainable 0.06250)",gemma4:e4b,software_engineering,,0.1,,canonical,structural_dynamic,tables/canonical_ranking_curve.json,cae15ed2f718f1b5
coverage_mesa,0.17248868778280543,,,5,configuration,5 configurations; predeclared budget; carries inference,gemma4:e4b,software_engineering,,0.2,,canonical,structural_dynamic,tables/canonical_ranking_curve.json,cae15ed2f718f1b5
coverage_random,0.22000000000000003,,,5,configuration,5 configurations; predeclared budget; carries inference,gemma4:e4b,software_engineering,,0.2,,canonical,structural_dynamic,tables/canonical_ranking_curve.json,cae15ed2f718f1b5
coverage_oracle,0.6285908209437621,,,5,configuration,5 configurations; predeclared budget; carries inference,gemma4:e4b,software_engineering,,0.2,,canonical,structural_dynamic,tables/canonical_ranking_curve.json,cae15ed2f718f1b5
mesa_minus_random,-0.04751131221719457,-0.15751131221719458,0.11248868778280544,5,configuration,"paired, configuration-level; sign-flip p=0.56250 (min attainable 0.06250)",gemma4:e4b,software_engineering,,0.2,,canonical,structural_dynamic,tables/canonical_ranking_curve.json,cae15ed2f718f1b5
coverage_mesa,0.2628506787330317,,,5,configuration,"5 configurations; descriptive trajectory point; no interval, no p-value",gemma4:e4b,software_engineering,,0.3,,canonical,structural_dynamic,tables/canonical_ranking_curve.json,cae15ed2f718f1b5
coverage_random,0.375,,,5,configuration,"5 configurations; descriptive trajectory point; no interval, no p-value",gemma4:e4b,software_engineering,,0.3,,canonical,structural_dynamic,tables/canonical_ranking_curve.json,cae15ed2f718f1b5
coverage_oracle,0.7900258564964447,,,5,configuration,"5 configurations; descriptive trajectory point; no interval, no p-value",gemma4:e4b,software_engineering,,0.3,,canonical,structural_dynamic,tables/canonical_ranking_curve.json,cae15ed2f718f1b5
coverage_mesa,0.3974983839689722,,,5,configuration,"5 configurations; descriptive trajectory point; no interval, no p-value",gemma4:e4b,software_engineering,,0.4,,canonical,structural_dynamic,tables/canonical_ranking_curve.json,cae15ed2f718f1b5
coverage_random,0.44000000000000006,,,5,configuration,"5 configurations; descriptive trajectory point; no interval, no p-value",gemma4:e4b,software_engineering,,0.4,,canonical,structural_dynamic,tables/canonical_ranking_curve.json,cae15ed2f718f1b5
coverage_oracle,0.8314608920491274,,,5,configuration,"5 configurations; descriptive trajectory point; no interval, no p-value",gemma4:e4b,software_engineering,,0.4,,canonical,structural_dynamic,tables/canonical_ranking_curve.json,cae15ed2f718f1b5
coverage_mesa,0.48188213747037273,,,5,configuration,"5 configurations; descriptive trajectory point; no interval, no p-value",gemma4:e4b,software_engineering,,0.5,,canonical,structural_dynamic,tables/canonical_ranking_curve.json,cae15ed2f718f1b5
coverage_random,0.52,,,5,configuration,"5 configurations; descriptive trajectory point; no interval, no p-value",gemma4:e4b,software_engineering,,0.5,,canonical,structural_dynamic,tables/canonical_ranking_curve.json,cae15ed2f718f1b5
coverage_oracle,0.9025113122171945,,,5,configuration,"5 configurations; descriptive trajectory point; no interval, no p-value",gemma4:e4b,software_engineering,,0.5,,canonical,structural_dynamic,tables/canonical_ranking_curve.json,cae15ed2f718f1b5
coverage_mesa,0.609947209653092,,,5,configuration,"5 configurations; descriptive trajectory point; no interval, no p-value",gemma4:e4b,software_engineering,,0.6,,canonical,structural_dynamic,tables/canonical_ranking_curve.json,cae15ed2f718f1b5
coverage_random,0.635,,,5,configuration,"5 configurations; descriptive trajectory point; no interval, no p-value",gemma4:e4b,software_engineering,,0.6,,canonical,structural_dynamic,tables/canonical_ranking_curve.json,cae15ed2f718f1b5
coverage_oracle,0.9160859728506787,,,5,configuration,"5 configurations; descriptive trajectory point; no interval, no p-value",gemma4:e4b,software_engineering,,0.6,,canonical,structural_dynamic,tables/canonical_ranking_curve.json,cae15ed2f718f1b5
coverage_mesa,0.8286457659987072,,,5,configuration,"5 configurations; descriptive trajectory point; no interval, no p-value",gemma4:e4b,software_engineering,,0.8,,canonical,structural_dynamic,tables/canonical_ranking_curve.json,cae15ed2f718f1b5
coverage_random,0.8550000000000001,,,5,configuration,"5 configurations; descriptive trajectory point; no interval, no p-value",gemma4:e4b,software_engineering,,0.8,,canonical,structural_dynamic,tables/canonical_ranking_curve.json,cae15ed2f718f1b5
coverage_oracle,0.9882352941176471,,,5,configuration,"5 configurations; descriptive trajectory point; no interval, no p-value",gemma4:e4b,software_engineering,,0.8,,canonical,structural_dynamic,tables/canonical_ranking_curve.json,cae15ed2f718f1b5
coverage_mesa,1.0,,,5,configuration,"5 configurations; descriptive trajectory point; no interval, no p-value",gemma4:e4b,software_engineering,,1.0,,canonical,structural_dynamic,tables/canonical_ranking_curve.json,cae15ed2f718f1b5
coverage_random,1.0,,,5,configuration,"5 configurations; descriptive trajectory point; no interval, no p-value",gemma4:e4b,software_engineering,,1.0,,canonical,structural_dynamic,tables/canonical_ranking_curve.json,cae15ed2f718f1b5
coverage_oracle,1.0,,,5,configuration,"5 configurations; descriptive trajectory point; no interval, no p-value",gemma4:e4b,software_engineering,,1.0,,canonical,structural_dynamic,tables/canonical_ranking_curve.json,cae15ed2f718f1b5
coverage_mesa,0.13323065823065822,,,5,configuration,5 configurations; predeclared budget; carries inference,qwen3.5:9b,software_engineering,,0.1,,canonical,structural_dynamic,tables/canonical_ranking_curve.json,cae15ed2f718f1b5
coverage_random,0.155,,,5,configuration,5 configurations; predeclared budget; carries inference,qwen3.5:9b,software_engineering,,0.1,,canonical,structural_dynamic,tables/canonical_ranking_curve.json,cae15ed2f718f1b5
coverage_oracle,0.3804168054168054,,,5,configuration,5 configurations; predeclared budget; carries inference,qwen3.5:9b,software_engineering,,0.1,,canonical,structural_dynamic,tables/canonical_ranking_curve.json,cae15ed2f718f1b5
mesa_minus_random,-0.021769341769341775,-0.07642135642135643,0.035860805860805846,5,configuration,"paired, configuration-level; sign-flip p=0.56250 (min attainable 0.06250)",qwen3.5:9b,software_engineering,,0.1,,canonical,structural_dynamic,tables/canonical_ranking_curve.json,cae15ed2f718f1b5
coverage_mesa,0.24870684870684867,,,5,configuration,5 configurations; predeclared budget; carries inference,qwen3.5:9b,software_engineering,,0.2,,canonical,structural_dynamic,tables/canonical_ranking_curve.json,cae15ed2f718f1b5
coverage_random,0.22000000000000003,,,5,configuration,5 configurations; predeclared budget; carries inference,qwen3.5:9b,software_engineering,,0.2,,canonical,structural_dynamic,tables/canonical_ranking_curve.json,cae15ed2f718f1b5
coverage_oracle,0.528035853035853,,,5,configuration,5 configurations; predeclared budget; carries inference,qwen3.5:9b,software_engineering,,0.2,,canonical,structural_dynamic,tables/canonical_ranking_curve.json,cae15ed2f718f1b5
mesa_minus_random,0.02870684870684869,-0.06785714285714287,0.11679487179487177,5,configuration,"paired, configuration-level; sign-flip p=0.62500 (min attainable 0.06250)",qwen3.5:9b,software_engineering,,0.2,,canonical,structural_dynamic,tables/canonical_ranking_curve.json,cae15ed2f718f1b5
coverage_mesa,0.37711455211455214,,,5,configuration,"5 configurations; descriptive trajectory point; no interval, no p-value",qwen3.5:9b,software_engineering,,0.3,,canonical,structural_dynamic,tables/canonical_ranking_curve.json,cae15ed2f718f1b5
coverage_random,0.375,,,5,configuration,"5 configurations; descriptive trajectory point; no interval, no p-value",qwen3.5:9b,software_engineering,,0.3,,canonical,structural_dynamic,tables/canonical_ranking_curve.json,cae15ed2f718f1b5
coverage_oracle,0.7386113886113885,,,5,configuration,"5 configurations; descriptive trajectory point; no interval, no p-value",qwen3.5:9b,software_engineering,,0.3,,canonical,structural_dynamic,tables/canonical_ranking_curve.json,cae15ed2f718f1b5
coverage_mesa,0.4104478854478854,,,5,configuration,"5 configurations; descriptive trajectory point; no interval, no p-value",qwen3.5:9b,software_engineering,,0.4,,canonical,structural_dynamic,tables/canonical_ranking_curve.json,cae15ed2f718f1b5
coverage_random,0.44000000000000006,,,5,configuration,"5 configurations; descriptive trajectory point; no interval, no p-value",qwen3.5:9b,software_engineering,,0.4,,canonical,structural_dynamic,tables/canonical_ranking_curve.json,cae15ed2f718f1b5
coverage_oracle,0.8112304362304362,,,5,configuration,"5 configurations; descriptive trajectory point; no interval, no p-value",qwen3.5:9b,software_engineering,,0.4,,canonical,structural_dynamic,tables/canonical_ranking_curve.json,cae15ed2f718f1b5
coverage_mesa,0.5116022866022866,,,5,configuration,"5 configurations; descriptive trajectory point; no interval, no p-value",qwen3.5:9b,software_engineering,,0.5,,canonical,structural_dynamic,tables/canonical_ranking_curve.json,cae15ed2f718f1b5
coverage_random,0.52,,,5,configuration,"5 configurations; descriptive trajectory point; no interval, no p-value",qwen3.5:9b,software_engineering,,0.5,,canonical,structural_dynamic,tables/canonical_ranking_curve.json,cae15ed2f718f1b5
coverage_oracle,0.8548090798090797,,,5,configuration,"5 configurations; descriptive trajectory point; no interval, no p-value",qwen3.5:9b,software_engineering,,0.5,,canonical,structural_dynamic,tables/canonical_ranking_curve.json,cae15ed2f718f1b5
coverage_mesa,0.6726828726828727,,,5,configuration,"5 configurations; descriptive trajectory point; no interval, no p-value",qwen3.5:9b,software_engineering,,0.6,,canonical,structural_dynamic,tables/canonical_ranking_curve.json,cae15ed2f718f1b5
coverage_random,0.635,,,5,configuration,"5 configurations; descriptive trajectory point; no interval, no p-value",qwen3.5:9b,software_engineering,,0.6,,canonical,structural_dynamic,tables/canonical_ranking_curve.json,cae15ed2f718f1b5
coverage_oracle,0.9428127428127429,,,5,configuration,"5 configurations; descriptive trajectory point; no interval, no p-value",qwen3.5:9b,software_engineering,,0.6,,canonical,structural_dynamic,tables/canonical_ranking_curve.json,cae15ed2f718f1b5
coverage_mesa,0.904076479076479,,,5,configuration,"5 configurations; descriptive trajectory point; no interval, no p-value",qwen3.5:9b,software_engineering,,0.8,,canonical,structural_dynamic,tables/canonical_ranking_curve.json,cae15ed2f718f1b5
coverage_random,0.8550000000000001,,,5,configuration,"5 configurations; descriptive trajectory point; no interval, no p-value",qwen3.5:9b,software_engineering,,0.8,,canonical,structural_dynamic,tables/canonical_ranking_curve.json,cae15ed2f718f1b5
coverage_oracle,0.9797979797979798,,,5,configuration,"5 configurations; descriptive trajectory point; no interval, no p-value",qwen3.5:9b,software_engineering,,0.8,,canonical,structural_dynamic,tables/canonical_ranking_curve.json,cae15ed2f718f1b5
coverage_mesa,1.0,,,5,configuration,"5 configurations; descriptive trajectory point; no interval, no p-value",qwen3.5:9b,software_engineering,,1.0,,canonical,structural_dynamic,tables/canonical_ranking_curve.json,cae15ed2f718f1b5
coverage_random,1.0,,,5,configuration,"5 configurations; descriptive trajectory point; no interval, no p-value",qwen3.5:9b,software_engineering,,1.0,,canonical,structural_dynamic,tables/canonical_ranking_curve.json,cae15ed2f718f1b5
coverage_oracle,1.0,,,5,configuration,"5 configurations; descriptive trajectory point; no interval, no p-value",qwen3.5:9b,software_engineering,,1.0,,canonical,structural_dynamic,tables/canonical_ranking_curve.json,cae15ed2f718f1b5
coverage_mesa,0.22153792218641843,,,5,configuration,5 configurations; predeclared budget; carries inference,llama3.1:8b,software_engineering,,0.1,,canonical,structural_dynamic,tables/canonical_ranking_curve.json,cae15ed2f718f1b5
coverage_random,0.155,,,5,configuration,5 configurations; predeclared budget; carries inference,llama3.1:8b,software_engineering,,0.1,,canonical,structural_dynamic,tables/canonical_ranking_curve.json,cae15ed2f718f1b5
coverage_oracle,0.3341484664041055,,,5,configuration,5 configurations; predeclared budget; carries inference,llama3.1:8b,software_engineering,,0.1,,canonical,structural_dynamic,tables/canonical_ranking_curve.json,cae15ed2f718f1b5
mesa_minus_random,0.06653792218641844,0.0209750566893424,0.12974415204678363,5,configuration,"paired, configuration-level; sign-flip p=0.06250 (min attainable 0.06250)",llama3.1:8b,software_engineering,,0.1,,canonical,structural_dynamic,tables/canonical_ranking_curve.json,cae15ed2f718f1b5
coverage_mesa,0.26394438477145243,,,5,configuration,5 configurations; predeclared budget; carries inference,llama3.1:8b,software_engineering,,0.2,,canonical,structural_dynamic,tables/canonical_ranking_curve.json,cae15ed2f718f1b5
coverage_random,0.22000000000000003,,,5,configuration,5 configurations; predeclared budget; carries inference,llama3.1:8b,software_engineering,,0.2,,canonical,structural_dynamic,tables/canonical_ranking_curve.json,cae15ed2f718f1b5
coverage_oracle,0.4396671738870987,,,5,configuration,5 configurations; predeclared budget; carries inference,llama3.1:8b,software_engineering,,0.2,,canonical,structural_dynamic,tables/canonical_ranking_curve.json,cae15ed2f718f1b5
mesa_minus_random,0.04394438477145244,-0.02564625850340137,0.12534789354338227,5,configuration,"paired, configuration-level; sign-flip p=0.43750 (min attainable 0.06250)",llama3.1:8b,software_engineering,,0.2,,canonical,structural_dynamic,tables/canonical_ranking_curve.json,cae15ed2f718f1b5
coverage_mesa,0.43676572383339296,,,5,configuration,"5 configurations; descriptive trajectory point; no interval, no p-value",llama3.1:8b,software_engineering,,0.3,,canonical,structural_dynamic,tables/canonical_ranking_curve.json,cae15ed2f718f1b5
coverage_random,0.375,,,5,configuration,"5 configurations; descriptive trajectory point; no interval, no p-value",llama3.1:8b,software_engineering,,0.3,,canonical,structural_dynamic,tables/canonical_ranking_curve.json,cae15ed2f718f1b5
coverage_oracle,0.6203059732664996,,,5,configuration,"5 configurations; descriptive trajectory point; no interval, no p-value",llama3.1:8b,software_engineering,,0.3,,canonical,structural_dynamic,tables/canonical_ranking_curve.json,cae15ed2f718f1b5
coverage_mesa,0.5096738870986991,,,5,configuration,"5 configurations; descriptive trajectory point; no interval, no p-value",llama3.1:8b,software_engineering,,0.4,,canonical,structural_dynamic,tables/canonical_ranking_curve.json,cae15ed2f718f1b5
coverage_random,0.44000000000000006,,,5,configuration,"5 configurations; descriptive trajectory point; no interval, no p-value",llama3.1:8b,software_engineering,,0.4,,canonical,structural_dynamic,tables/canonical_ranking_curve.json,cae15ed2f718f1b5
coverage_oracle,0.6972957691848669,,,5,configuration,"5 configurations; descriptive trajectory point; no interval, no p-value",llama3.1:8b,software_engineering,,0.4,,canonical,structural_dynamic,tables/canonical_ranking_curve.json,cae15ed2f718f1b5
coverage_mesa,0.6233983768946174,,,5,configuration,"5 configurations; descriptive trajectory point; no interval, no p-value",llama3.1:8b,software_engineering,,0.5,,canonical,structural_dynamic,tables/canonical_ranking_curve.json,cae15ed2f718f1b5
coverage_random,0.52,,,5,configuration,"5 configurations; descriptive trajectory point; no interval, no p-value",llama3.1:8b,software_engineering,,0.5,,canonical,structural_dynamic,tables/canonical_ranking_curve.json,cae15ed2f718f1b5
coverage_oracle,0.7753966762143454,,,5,configuration,"5 configurations; descriptive trajectory point; no interval, no p-value",llama3.1:8b,software_engineering,,0.5,,canonical,structural_dynamic,tables/canonical_ranking_curve.json,cae15ed2f718f1b5
coverage_mesa,0.6978273063611409,,,5,configuration,"5 configurations; descriptive trajectory point; no interval, no p-value",llama3.1:8b,software_engineering,,0.6,,canonical,structural_dynamic,tables/canonical_ranking_curve.json,cae15ed2f718f1b5
coverage_random,0.635,,,5,configuration,"5 configurations; descriptive trajectory point; no interval, no p-value",llama3.1:8b,software_engineering,,0.6,,canonical,structural_dynamic,tables/canonical_ranking_curve.json,cae15ed2f718f1b5
coverage_oracle,0.854783088674066,,,5,configuration,"5 configurations; descriptive trajectory point; no interval, no p-value",llama3.1:8b,software_engineering,,0.6,,canonical,structural_dynamic,tables/canonical_ranking_curve.json,cae15ed2f718f1b5
coverage_mesa,0.8763492063492062,,,5,configuration,"5 configurations; descriptive trajectory point; no interval, no p-value",llama3.1:8b,software_engineering,,0.8,,canonical,structural_dynamic,tables/canonical_ranking_curve.json,cae15ed2f718f1b5
coverage_random,0.8550000000000001,,,5,configuration,"5 configurations; descriptive trajectory point; no interval, no p-value",llama3.1:8b,software_engineering,,0.8,,canonical,structural_dynamic,tables/canonical_ranking_curve.json,cae15ed2f718f1b5
coverage_oracle,0.9714625850340136,,,5,configuration,"5 configurations; descriptive trajectory point; no interval, no p-value",llama3.1:8b,software_engineering,,0.8,,canonical,structural_dynamic,tables/canonical_ranking_curve.json,cae15ed2f718f1b5
coverage_mesa,1.0,,,5,configuration,"5 configurations; descriptive trajectory point; no interval, no p-value",llama3.1:8b,software_engineering,,1.0,,canonical,structural_dynamic,tables/canonical_ranking_curve.json,cae15ed2f718f1b5
coverage_random,1.0,,,5,configuration,"5 configurations; descriptive trajectory point; no interval, no p-value",llama3.1:8b,software_engineering,,1.0,,canonical,structural_dynamic,tables/canonical_ranking_curve.json,cae15ed2f718f1b5
coverage_oracle,1.0,,,5,configuration,"5 configurations; descriptive trajectory point; no interval, no p-value",llama3.1:8b,software_engineering,,1.0,,canonical,structural_dynamic,tables/canonical_ranking_curve.json,cae15ed2f718f1b5
coverage_mesa,0.16700430810282646,,,15,configuration,15 configurations; predeclared budget; carries inference,MACRO,software_engineering,,0.1,,canonical,structural_dynamic,tables/canonical_ranking_curve.json,cae15ed2f718f1b5
coverage_random,0.155,,,15,configuration,15 configurations; predeclared budget; carries inference,MACRO,software_engineering,,0.1,,canonical,structural_dynamic,tables/canonical_ranking_curve.json,cae15ed2f718f1b5
coverage_oracle,0.41628689409759734,,,15,configuration,15 configurations; predeclared budget; carries inference,MACRO,software_engineering,,0.1,,canonical,structural_dynamic,tables/canonical_ranking_curve.json,cae15ed2f718f1b5
mesa_minus_random,0.01200430810282645,-0.03590975481101532,0.06457712836596624,15,configuration,"paired, configuration-level; sign-flip p=0.66669 (min attainable 0.00006)",MACRO,software_engineering,,0.1,,canonical,structural_dynamic,tables/canonical_ranking_curve.json,cae15ed2f718f1b5
coverage_mesa,0.22837997375370225,,,15,configuration,15 configurations; predeclared budget; carries inference,MACRO,software_engineering,,0.2,,canonical,structural_dynamic,tables/canonical_ranking_curve.json,cae15ed2f718f1b5
coverage_random,0.22000000000000006,,,15,configuration,15 configurations; predeclared budget; carries inference,MACRO,software_engineering,,0.2,,canonical,structural_dynamic,tables/canonical_ranking_curve.json,cae15ed2f718f1b5
coverage_oracle,0.5320979492889047,,,15,configuration,15 configurations; predeclared budget; carries inference,MACRO,software_engineering,,0.2,,canonical,structural_dynamic,tables/canonical_ranking_curve.json,cae15ed2f718f1b5
mesa_minus_random,0.008379973753702188,-0.05415897015371805,0.07286991172987406,15,configuration,"paired, configuration-level; sign-flip p=0.80530 (min attainable 0.00006)",MACRO,software_engineering,,0.2,,canonical,structural_dynamic,tables/canonical_ranking_curve.json,cae15ed2f718f1b5
coverage_mesa,0.35891031822699226,,,15,configuration,"15 configurations; descriptive trajectory point; no interval, no p-value",MACRO,software_engineering,,0.3,,canonical,structural_dynamic,tables/canonical_ranking_curve.json,cae15ed2f718f1b5
coverage_random,0.375,,,15,configuration,"15 configurations; descriptive trajectory point; no interval, no p-value",MACRO,software_engineering,,0.3,,canonical,structural_dynamic,tables/canonical_ranking_curve.json,cae15ed2f718f1b5
coverage_oracle,0.7163144061247777,,,15,configuration,"15 configurations; descriptive trajectory point; no interval, no p-value",MACRO,software_engineering,,0.3,,canonical,structural_dynamic,tables/canonical_ranking_curve.json,cae15ed2f718f1b5
coverage_mesa,0.439206718838519,,,15,configuration,"15 configurations; descriptive trajectory point; no interval, no p-value",MACRO,software_engineering,,0.4,,canonical,structural_dynamic,tables/canonical_ranking_curve.json,cae15ed2f718f1b5
coverage_random,0.4400000000000001,,,15,configuration,"15 configurations; descriptive trajectory point; no interval, no p-value",MACRO,software_engineering,,0.4,,canonical,structural_dynamic,tables/canonical_ranking_curve.json,cae15ed2f718f1b5
coverage_oracle,0.7799956991548103,,,15,configuration,"15 configurations; descriptive trajectory point; no interval, no p-value",MACRO,software_engineering,,0.4,,canonical,structural_dynamic,tables/canonical_ranking_curve.json,cae15ed2f718f1b5
coverage_mesa,0.538960933655759,,,15,configuration,"15 configurations; descriptive trajectory point; no interval, no p-value",MACRO,software_engineering,,0.5,,canonical,structural_dynamic,tables/canonical_ranking_curve.json,cae15ed2f718f1b5
coverage_random,0.52,,,15,configuration,"15 configurations; descriptive trajectory point; no interval, no p-value",MACRO,software_engineering,,0.5,,canonical,structural_dynamic,tables/canonical_ranking_curve.json,cae15ed2f718f1b5
coverage_oracle,0.8442390227468733,,,15,configuration,"15 configurations; descriptive trajectory point; no interval, no p-value",MACRO,software_engineering,,0.5,,canonical,structural_dynamic,tables/canonical_ranking_curve.json,cae15ed2f718f1b5
coverage_mesa,0.6601524628990352,,,15,configuration,"15 configurations; descriptive trajectory point; no interval, no p-value",MACRO,software_engineering,,0.6,,canonical,structural_dynamic,tables/canonical_ranking_curve.json,cae15ed2f718f1b5
coverage_random,0.6349999999999999,,,15,configuration,"15 configurations; descriptive trajectory point; no interval, no p-value",MACRO,software_engineering,,0.6,,canonical,structural_dynamic,tables/canonical_ranking_curve.json,cae15ed2f718f1b5
coverage_oracle,0.9045606014458293,,,15,configuration,"15 configurations; descriptive trajectory point; no interval, no p-value",MACRO,software_engineering,,0.6,,canonical,structural_dynamic,tables/canonical_ranking_curve.json,cae15ed2f718f1b5
coverage_mesa,0.8696904838081309,,,15,configuration,"15 configurations; descriptive trajectory point; no interval, no p-value",MACRO,software_engineering,,0.8,,canonical,structural_dynamic,tables/canonical_ranking_curve.json,cae15ed2f718f1b5
coverage_random,0.8550000000000002,,,15,configuration,"15 configurations; descriptive trajectory point; no interval, no p-value",MACRO,software_engineering,,0.8,,canonical,structural_dynamic,tables/canonical_ranking_curve.json,cae15ed2f718f1b5
coverage_oracle,0.9798319529832136,,,15,configuration,"15 configurations; descriptive trajectory point; no interval, no p-value",MACRO,software_engineering,,0.8,,canonical,structural_dynamic,tables/canonical_ranking_curve.json,cae15ed2f718f1b5
coverage_mesa,1.0,,,15,configuration,"15 configurations; descriptive trajectory point; no interval, no p-value",MACRO,software_engineering,,1.0,,canonical,structural_dynamic,tables/canonical_ranking_curve.json,cae15ed2f718f1b5
coverage_random,1.0,,,15,configuration,"15 configurations; descriptive trajectory point; no interval, no p-value",MACRO,software_engineering,,1.0,,canonical,structural_dynamic,tables/canonical_ranking_curve.json,cae15ed2f718f1b5
coverage_oracle,1.0,,,15,configuration,"15 configurations; descriptive trajectory point; no interval, no p-value",MACRO,software_engineering,,1.0,,canonical,structural_dynamic,tables/canonical_ranking_curve.json,cae15ed2f718f1b5
